1,21,0.14458870887756348,0.12682080268859863,0.11435818672180176,0.10140442848205566,0.09004759788513184,0.07735967636108398,0.06526994705200195,0.054085493087768555,0.042540788650512695,0.031740665435791016,0.021550655364990234,1.9259932041168213,1.4860103130340576,1.4790904521942139,1.5229933261871338,1.5129990577697754,1.5282201766967773,1.5049200057983398,1.4973454475402832,1.5043151378631592,2.0260887145996094,1.5206317901611328,1.0,-0.5108631687340651,1.0,-0.5179515915925513,1.0,-0.5250081683518795,1.0,-0.5335041467161752,1.0,-0.5447779795781691,1.0,-0.5501515941085027,1.0,-0.5580618068212256,1.0,-0.5668616714937762,1.0,-0.5787279947962032,1.0,-0.5957144505252245,1.0,-0.6318329858194375,1.0,-0.5348819715286056,1.0,-0.5434567349252849,1.0,-0.5498607770604386,1.0,-0.5550034353132189,1.0,-0.5609715857921345,1.0,-0.5658466162358491,1.0,-0.5707017212960008,1.0,-0.5781303513956106,1.0,-0.5830219268594983,1.0,-0.5986755671309218,1.0,-0.6051330132334021,"[0.4891368312659349, 0.48204840840744867, 0.47499183164812053, 0.4664958532838248, 0.4552220204218309, 0.4498484058914973, 0.44193819317877436, 0.4331383285062238, 0.4212720052037968, 0.40428554947477546, 0.3681670141805625]","[0.8576, 0.879, 0.894, 0.9128, 0.9323, 0.9406, 0.9525, 0.9619, 0.9719, 0.9821, 0.9957]","[0.4651180284713944, 0.4565432650747151, 0.45013922293956143, 0.44499656468678106, 0.43902841420786554, 0.4341533837641509, 0.42929827870399917, 0.42186964860438936, 0.4169780731405017, 0.40132443286907815, 0.3948669867665979]","[0.915, 0.9296, 0.9405, 0.9483, 0.9557, 0.9613, 0.9659, 0.9714, 0.9753, 0.9839, 0.9871]"
1,22,0.1667499542236328,0.15020537376403809,0.13432765007019043,0.11899590492248535,0.10494780540466309,0.08986830711364746,0.07739090919494629,0.06507039070129395,0.050988197326660156,0.038392066955566406,0.02600264549255371,0.8578789234161377,1.032029151916504,0.7759723663330078,1.0773587226867676,0.7820370197296143,0.8354718685150146,0.7869749069213867,0.8031866550445557,1.9900667667388916,2.0006277561187744,2.001504421234131,1.0,-0.4217148180617043,1.0,-0.4319460883366373,1.0,-0.4400198571708771,1.0,-0.45095303596112934,1.0,-0.46123103303854407,1.0,-0.4714549954845917,1.0,-0.47767508009897397,1.0,-0.4915039398751907,1.0,-0.5249140518058301,1.0,-0.534320338557658,1.0,-0.5709860669517288,1.0,-0.4420218941517081,1.0,-0.45252268098992343,1.0,-0.46314727851028686,1.0,-0.47274692807730156,1.0,-0.48388239945238837,1.0,-0.4903849495894253,1.0,-0.49769496955070935,1.0,-0.5226114441582204,1.0,-0.5392131210210738,1.0,-0.5564842820874577,1.0,-0.5787222123270618,"[0.5782851819382957, 0.5680539116633627, 0.5599801428291229, 0.5490469640388707, 0.5387689669614559, 0.5285450045154083, 0.522324919901026, 0.5084960601248093, 0.47508594819416994, 0.46567966144234196, 0.4290139330482712]","[0.8418, 0.8691, 0.8892, 0.913, 0.9312, 0.9441, 0.9528, 0.9668, 0.9898, 0.9924, 0.9969]","[0.5579781058482919, 0.5474773190100766, 0.5368527214897132, 0.5272530719226984, 0.5161176005476116, 0.5096150504105748, 0.5023050304492906, 0.47738855584177964, 0.46078687897892623, 0.4435157179125423, 0.4212777876729382]","[0.8932, 0.9155, 0.9341, 0.9456, 0.9591, 0.9657, 0.972, 0.9884, 0.9933, 0.9957, 0.9978]"
1,23,0.14139842987060547,0.1287989616394043,0.11526060104370117,0.10072469711303711,0.08849787712097168,0.07631897926330566,0.06417393684387207,0.05417799949645996,0.04222822189331055,0.03160429000854492,0.022401809692382812,1.04830002784729,0.773125171661377,1.069701910018921,1.0586905479431152,1.1320831775665283,0.8052017688751221,1.9486844539642334,1.9330825805664062,1.9570488929748535,1.9542121887207031,1.9482707977294922,-0.6506083945845309,1.0,-0.659398980687342,1.0,-0.6656882054453188,1.0,-0.6756740025126644,1.0,-0.689838964725699,1.0,-0.7001205770340931,1.0,-0.7189882848831277,1.0,-0.7308521630664138,1.0,-0.7527724606041616,1.0,-0.7858901740889386,1.0,-0.2015286413980113,0.36248568082392696,-0.736212830234254,1.0,-0.7373315191452111,1.0,-0.7482211462735211,1.0,-0.752951671190955,1.0,-0.757793237132426,1.0,-0.7592955709895594,1.0,-0.7699513984921956,1.0,-0.7812999614377244,1.0,-0.7909579855718489,1.0,-0.8039260673546612,1.0,-0.8232166373077703,1.0,"[0.3493916054154691, 0.34060101931265796, 0.3343117945546812, 0.3243259974873356, 0.31016103527430094, 0.29987942296590686, 0.2810117151168723, 0.26914783693358624, 0.2472275393958384, 0.21410982591106142, 0.16095703942591566]","[0.725, 0.7507, 0.7673, 0.7936, 0.83, 0.854, 0.8864, 0.9031, 0.9303, 0.9584, 0.9891]","[0.263787169765746, 0.2626684808547889, 0.2517788537264789, 0.24704832880904504, 0.24220676286757403, 0.24070442901044065, 0.23004860150780437, 0.2187000385622756, 0.20904201442815107, 0.1960739326453388, 0.17678336269222972]","[0.9113, 0.9129, 0.9255, 0.9305, 0.9349, 0.9366, 0.9464, 0.9549, 0.9612, 0.9673, 0.9773]"
1,24,0.14670085906982422,0.1324305534362793,0.11769914627075195,0.10472846031188965,0.09142279624938965,0.07914328575134277,0.06651067733764648,0.05412936210632324,0.04322648048400879,0.03206467628479004,0.021632909774780273,2.5597317218780518,3.5797574520111084,2.6501197814941406,2.587118148803711,2.668811798095703,2.1245667934417725,2.7136104106903076,3.1314449310302734,3.014186382293701,3.0807833671569824,3.721238613128662,-0.7948700698150151,1.0,-0.7996069607346905,1.0,-0.8057984329583191,1.0,-0.8088522858718037,1.0,-0.8149388921763129,1.0,-0.8182965171343063,1.0,-0.30064842448202267,0.47502463643437176,-0.10214912570017787,0.27429280665983,-0.0503945825606833,0.22071099351783552,-0.03732677465698364,0.2060284686025149,-0.0073449158055399755,0.1744292035288313,8.665268495212579e-06,0.1713697857483996,0.02982373757622745,0.14078773639525186,4.3613983237541924e-06,0.17052567755203704,8.029699397275573e-09,0.16960487012572512,3.2146932976754017e-06,0.16960178222957467,-9.567626263801556e-07,0.1696058588207274,4.6468723648391696e-07,0.16826556585396973,0.04198020216993934,0.12528635794236767,2.1248357814737236e-08,0.16684177193342578,0.042017557165833865,0.12378500959674618,-9.511451494211204e-08,0.16560690274222592,"[0.20512993018498493, 0.2003930392653095, 0.1942015670416809, 0.1911477141281963, 0.18506110782368712, 0.1817034828656937, 0.1743762119523491, 0.17214368095965216, 0.17031641095715222, 0.16870169394553125, 0.1670842877232913]","[0.8241, 0.8371, 0.8567, 0.8673, 0.8854, 0.895, 0.9156, 0.9368, 0.9616, 0.9774, 0.9917]","[0.1713784510168948, 0.1706114739714793, 0.17053003895036078, 0.16960487815542452, 0.16960499692287234, 0.16960490205810103, 0.16826603054120623, 0.167266560112307, 0.1668417931817836, 0.16580256676258004, 0.165606807627711]","[0.9398, 0.8878, 0.9567, 0.9709, 0.9709, 0.9709, 0.9839, 0.9487, 0.9927, 0.9757, 0.9968]"
1,25,0.1456739902496338,0.1299450397491455,0.11809277534484863,0.10310602188110352,0.08951497077941895,0.07749485969543457,0.06520676612854004,0.053050994873046875,0.042151451110839844,0.03150463104248047,0.02223825454711914,2.150146007537842,1.8793015480041504,1.837035894393921,1.8982090950012207,2.0869340896606445,1.887695074081421,1.913154125213623,1.9475054740905762,3.9417166709899902,3.445732355117798,2.9420740604400635,-0.11229143064011626,0.2647113862821522,-0.10133420704708684,0.2529408145832026,-0.08997552484646931,0.24099928006600702,-0.07153436948677316,0.221472499217664,-0.06771422875337185,0.21669924637109927,-0.06064935916545888,0.2083453401283848,-0.04994070029674291,0.19654522229772553,-0.03466428683460121,0.17984018577338468,-0.02946296231937784,0.17294724305373776,-0.035168878902843925,0.1771638169375107,0.0006775237812077783,0.13674055414640818,0.0879044501488284,0.06265385371911625,0.08801450907450468,0.0618651779560277,0.08786302768064835,0.06150241958317924,0.08801567523514633,0.06058796670839295,0.08785341013376016,0.06004542897316941,0.08761464707279577,0.05918322347321955,0.08740150931464556,0.05859961071321972,0.0868111887581449,0.058097389986860024,0.08634900250663238,0.05744950991618089,0.08532667282449782,0.056497917700133536,0.08425003536496374,0.055288293400765215,"[0.15241995564203592, 0.15160660753611577, 0.1510237552195377, 0.14993812973089082, 0.14898501761772742, 0.1476959809629259, 0.14660452200098262, 0.14517589893878347, 0.14348428073435993, 0.14199493803466678, 0.13741807792761596]","[0.8291, 0.845, 0.8549, 0.8747, 0.8948, 0.9132, 0.9304, 0.9471, 0.9653, 0.9776, 0.9954]","[0.15055830386794467, 0.1498796870305324, 0.14936544726382758, 0.14860364194353928, 0.14789883910692958, 0.1467978705460153, 0.14600112002786528, 0.14490857874500493, 0.14379851242281327, 0.14182459052463137, 0.13953832876572897]","[0.6616, 0.6879, 0.7072, 0.7357, 0.7638, 0.8028, 0.8305, 0.863, 0.8942, 0.9325, 0.9667]"
1,26,0.14078569412231445,0.12929439544677734,0.11357903480529785,0.10225844383239746,0.08965063095092773,0.07600998878479004,0.06566500663757324,0.05298733711242676,0.041749000549316406,0.03209495544433594,0.022223949432373047,1.9079358577728271,1.8902521133422852,1.6382145881652832,1.6337602138519287,1.6285948753356934,1.7460603713989258,1.7456450462341309,1.7571945190429688,2.8556933403015137,2.8557722568511963,2.8510429859161377,0.0025079858136980437,0.08297666620618571,0.00047754038629421736,0.08433992847946215,0.0018939644105135933,0.08175208708947213,-0.0028008074500570634,0.0845219001340245,-0.0010658716634843746,0.08198318461585208,-0.0036421191699608224,0.08217817296671615,-0.0024630168252978146,0.08020822717470022,0.0017864607508242258,0.07311118149427709,-0.006651045635305608,0.07932359017513857,0.001152827502245879,0.06886655010751497,0.012653739049111712,0.05251521701338824,0.038904419732850345,0.04810392230835906,0.036570962636968185,0.0498425076113016,0.03647583458732369,0.04917366420933553,0.036478141714052746,0.04854673649736959,0.03644192589152504,0.04804902807577284,0.0363005432866899,0.047189951524056806,0.03608554843807973,0.046398559720523314,0.03580792345670083,0.045645458873663725,0.03553941568497303,0.04504091657256029,0.03496122733156107,0.043937692541130856,0.03439793186368859,0.04300456375926558,"[0.08548465201988376, 0.08481746886575636, 0.08364605149998572, 0.08172109268396743, 0.0809173129523677, 0.07853605379675532, 0.0777452103494024, 0.07489764224510131, 0.07267254453983296, 0.07001937760976085, 0.06516895606249995]","[0.8761, 0.8886, 0.9135, 0.9397, 0.9517, 0.9733, 0.9792, 0.9931, 0.9966, 0.9994, 1.0]","[0.08700834204120941, 0.08641347024826979, 0.08564949879665922, 0.08502487821142234, 0.08449095396729789, 0.0834904948107467, 0.08248410815860305, 0.08145338233036456, 0.08058033225753332, 0.07889891987269193, 0.07740249562295418]","[0.8441, 0.8611, 0.8788, 0.8922, 0.9024, 0.9233, 0.9384, 0.953, 0.9637, 0.979, 0.988]"
1,27,0.14032936096191406,0.12701630592346191,0.11387133598327637,0.10050153732299805,0.0896139144897461,0.07582974433898926,0.06490969657897949,0.09309172630310059,0.051665544509887695,0.03838157653808594,0.027128219604492188,1.736464023590088,1.7037217617034912,1.6824848651885986,1.618283987045288,1.6915457248687744,1.630384922027588,1.3589417934417725,1.3503854274749756,1.3981149196624756,1.3568050861358643,3.439263105392456,-0.03995715818817802,0.18577717848098896,-0.03484534174695997,0.17976320406887103,-0.033486560314207714,0.17789466565424328,-0.024939162939765613,0.16850893525808486,-0.0300708699706016,0.1726883797254426,-0.027780887987795655,0.16860264892718058,-0.03322928510626033,0.17263195513078866,-0.03385173829204535,0.17278166940670525,-0.008507390064303455,0.14564599958649804,0.0020438759408323293,0.13381897353668726,0.005922637030540967,0.126621697406192,-2.0287717004355865e-08,0.1481661257091645,9.073132903447067e-06,0.14709841507403826,-2.0390527202514733e-07,0.1465150660996368,-4.572118657326778e-05,0.14608755454562758,-3.0738465095243276e-11,0.14533447322549242,-5.649089928346724e-10,0.14468159237373215,1.6967378574014568e-07,0.14387698143653396,1.8576569033768592e-06,0.1431632153303498,7.069473295342343e-07,0.1420803927750977,-7.524739120758456e-09,0.14067621363428684,0.010962485226449945,0.12767239875755906,"[0.14582002029281094, 0.14491786232191106, 0.14440810534003556, 0.14356977231831924, 0.142617509754841, 0.14082176093938492, 0.13940267002452833, 0.1389299311146599, 0.1371386095221946, 0.1358628494775196, 0.13254433443673297]","[0.8628, 0.8896, 0.903, 0.9238, 0.9355, 0.9607, 0.9732, 0.9766, 0.9917, 0.9958, 0.9992]","[0.14816610542144748, 0.1471074882069417, 0.14651486219436477, 0.14604183335905432, 0.14533447319475395, 0.14468159180882317, 0.1438771511103197, 0.1431650729872532, 0.14208109972242725, 0.14067620610954773, 0.138634883984009]","[0.805, 0.8402, 0.8602, 0.8756, 0.8953, 0.9109, 0.9258, 0.9373, 0.9542, 0.9709, 0.9863]"
1,28,0.14231371879577637,0.12843775749206543,0.11522245407104492,0.1040349006652832,0.08830618858337402,0.07732343673706055,0.06607770919799805,0.05537700653076172,0.043874263763427734,0.033652305603027344,0.02206587791442871,0.8296821117401123,0.8345906734466553,0.8355741500854492,1.1031274795532227,0.8175079822540283,1.1133935451507568,1.1460387706756592,1.1235952377319336,1.112044095993042,2.020116090774536,2.050711154937744,-0.5267401880910474,1.0,-0.5321659807449272,1.0,-0.5370637102461636,1.0,-0.5448176544121727,1.0,-0.5574774387415369,1.0,-0.5660706843476694,1.0,-0.5845582081201048,1.0,-0.5977017813709108,1.0,-0.609387672516845,1.0,-0.6260506199825956,1.0,-0.6640296907588183,1.0,-0.5404888158315795,1.0,-0.5483769900000955,1.0,-0.5617009181254378,1.0,-0.5700959533294226,1.0,-0.5817908679919965,1.0,-0.592014108133356,1.0,-0.6009924527853195,1.0,-0.6105043275914137,1.0,-0.6252565206957312,1.0,-0.6473306963031743,1.0,-0.6605896582829319,1.0,"[0.4732598119089526, 0.46783401925507284, 0.4629362897538364, 0.45518234558782733, 0.4425225612584631, 0.4339293156523306, 0.41544179187989516, 0.4022982186290892, 0.390612327483155, 0.3739493800174044, 0.33597030924118165]","[0.8218, 0.8388, 0.8499, 0.867, 0.8913, 0.9071, 0.9371, 0.953, 0.9643, 0.9739, 0.9873]","[0.4595111841684205, 0.45162300999990446, 0.43829908187456224, 0.42990404667057736, 0.41820913200800347, 0.407985891866644, 0.39900754721468046, 0.3894956724085863, 0.37474347930426877, 0.3526693036968257, 0.3394103417170681]","[0.8581, 0.874, 0.8995, 0.9138, 0.9337, 0.9467, 0.9564, 0.9652, 0.9738, 0.9829, 0.9868]"
1,29,0.14376330375671387,0.1303098201751709,0.11400246620178223,0.1017465591430664,0.08833837509155273,0.07741427421569824,0.0649421215057373,0.05397844314575195,0.044165849685668945,0.031949520111083984,0.022019147872924805,1.510481834411621,1.5106418132781982,1.5162572860717773,1.550152063369751,1.5341408252716064,1.5333681106567383,1.5303211212158203,1.5515358448028564,1.599442481994629,1.5444755554199219,1.5793488025665283,1.0,-0.44530710468900314,1.0,-0.4553178219628211,1.0,-0.4611416737920948,1.0,-0.46823691967833025,1.0,-0.4755841040843063,1.0,-0.48413167482289554,1.0,-0.49207331064246085,1.0,-0.5065986030893765,1.0,-0.5202942090292677,1.0,-0.5464561443368993,1.0,-0.5898527834541327,1.0,-0.49267161920278785,1.0,-0.49914191530185337,1.0,-0.5068389836421514,1.0,-0.513286080904585,1.0,-0.5179982808872737,1.0,-0.5203897793275469,1.0,-0.5216151700729261,1.0,-0.5482981261610089,1.0,-0.5519516856205913,1.0,-0.5522128994863513,1.0,-0.5720631581162264,"[0.5546928953109969, 0.5446821780371789, 0.5388583262079052, 0.5317630803216697, 0.5244158959156937, 0.5158683251771045, 0.5079266893575392, 0.49340139691062346, 0.4797057909707323, 0.45354385566310074, 0.4101472165458673]","[0.8714, 0.8988, 0.9132, 0.9255, 0.9393, 0.9513, 0.961, 0.9732, 0.9815, 0.9933, 0.9988]","[0.5073283807972122, 0.5008580846981466, 0.4931610163578486, 0.48671391909541495, 0.48200171911272627, 0.47961022067245307, 0.4783848299270739, 0.4517018738389911, 0.44804831437940873, 0.4477871005136487, 0.42793684188377357]","[0.9615, 0.9677, 0.9732, 0.9783, 0.9809, 0.9816, 0.9819, 0.9937, 0.9943, 0.9944, 0.9974]"
1,30,0.1454029083251953,0.13370633125305176,0.11699414253234863,0.1310265064239502,0.08941912651062012,0.07667779922485352,0.06406283378601074,0.054604291915893555,0.042185306549072266,0.032914161682128906,0.022725343704223633,1.0699682235717773,1.0643351078033447,1.0715975761413574,1.0727527141571045,1.0355637073516846,1.001816987991333,1.0136239528656006,1.015091896057129,1.011939287185669,1.0018327236175537,0.7476949691772461,-0.4334724178964783,1.0,-0.44129144048049895,1.0,-0.4534376323871825,1.0,-0.46439071042199853,1.0,-0.4734240939466645,1.0,-0.4869882711029747,1.0,-0.5053962534962924,1.0,-0.524878781630061,1.0,-0.5528627676654015,1.0,-0.5889155323419814,1.0,-0.7090664392887784,1.0,-0.43760869333726354,1.0,-0.44341923032100045,1.0,-0.44972910513375597,1.0,-0.4550001341073419,1.0,-0.46229886625717687,1.0,-0.4693682062774153,1.0,-0.47804858898074865,1.0,-0.48971892084075425,1.0,-0.5037203925294149,1.0,-0.5160841378437966,1.0,-0.5308310835543523,1.0,"[0.5665275821035217, 0.558708559519501, 0.5465623676128175, 0.5356092895780015, 0.5265759060533355, 0.5130117288970253, 0.49460374650370764, 0.47512121836993904, 0.44713723233459846, 0.41108446765801865, 0.29093356071122156]","[0.9503, 0.9624, 0.9751, 0.9842, 0.99, 0.994, 0.9975, 0.9987, 0.9999, 1.0, 1.0]","[0.5623913066627364, 0.5565807696789995, 0.550270894866244, 0.544999865892658, 0.5377011337428231, 0.5306317937225846, 0.5219514110192514, 0.5102810791592458, 0.4962796074705851, 0.4839158621562034, 0.46916891644564773]","[0.9577, 0.9651, 0.9713, 0.977, 0.9829, 0.9877, 0.9914, 0.9944, 0.9974, 0.9982, 0.9991]"
2,21,0.1351480484008789,0.12253999710083008,0.11124849319458008,0.09897065162658691,0.08635163307189941,0.07494783401489258,0.06354999542236328,0.05342459678649902,0.0441131591796875,0.05112504959106445,0.036650657653808594,1.7228310108184814,1.5239136219024658,1.5402934551239014,2.8616013526916504,2.928892135620117,2.9610977172851562,2.9621212482452393,3.048290252685547,3.007464647293091,3.112835168838501,3.2741096019744873,0.05815041236243257,0.08722738756726267,0.05785832647137723,0.08733210814533754,0.05780292857004499,0.08710937391120877,0.0574998365122148,0.08686707137528482,0.05732425899311844,0.08664146985363552,0.05700638007172776,0.08642960302849834,0.05695397530300439,0.0858841323319286,0.05607893954473164,0.08584911089978764,0.05588669254679535,0.08513315741983041,0.05527954544075242,0.08460525461508839,0.054720606309001996,0.08402454586898256,0.05716863641819627,0.08797386162606115,0.056986492162354845,0.08764168185861736,0.0568226332993615,0.08734401734664131,0.056638801802295004,0.08701104975712422,0.056410012365310375,0.08659829016063991,0.05626786151311454,0.08634221770297582,0.05599454980633774,0.08585079891771341,0.0556224446919087,0.08519529599781499,0.05525966623836091,0.08460672468122137,0.054645991153256544,0.08361255098973934,0.05403835855363877,0.08265198540487971,"[0.14537779992969524, 0.14519043461671477, 0.14491230248125375, 0.14436690788749962, 0.14396572884675396, 0.1434359831002261, 0.142838107634933, 0.14192805044451928, 0.14101984996662575, 0.1398848000558408, 0.13874515217798455]","[0.7911, 0.799, 0.8093, 0.8325, 0.8474, 0.8634, 0.8851, 0.9107, 0.9334, 0.9541, 0.9701]","[0.1451424980442574, 0.1446281740209722, 0.14416665064600281, 0.14364985155941923, 0.1430083025259503, 0.14261007921609037, 0.14184534872405113, 0.1408177406897237, 0.13986639091958228, 0.13825854214299588, 0.13669034395851848]","[0.8026, 0.8223, 0.8384, 0.8589, 0.8791, 0.8924, 0.9134, 0.9379, 0.9547, 0.9745, 0.9869]"
2,22,0.13618779182434082,0.12068891525268555,0.10885429382324219,0.09751009941101074,0.08677268028259277,0.07454133033752441,0.0637063980102539,0.0525209903717041,0.042724609375,0.03158712387084961,0.021931886672973633,1.6313483715057373,1.5456132888793945,1.5824041366577148,1.5980219841003418,1.575652837753296,1.6027209758758545,2.921132802963257,2.9442596435546875,2.962211847305298,2.984593629837036,2.946817398071289,0.04638108408689523,0.07713381987602674,0.04638059708086839,0.07696404248861843,0.046435851525634675,0.07654018256406059,0.04615009404493042,0.0765791458106806,0.0460933342622476,0.07622692298892497,0.045807080795212674,0.07598417566170879,0.045679097428745985,0.07539734167253576,0.045480970024782685,0.07499460468720764,0.04457234371498675,0.07491360834006344,0.04430076056875132,0.0738540384746127,0.043763610711936574,0.07253585783110306,0.04581929803503339,0.07771138506115513,0.04560828754047489,0.077432231404886,0.04534445479823947,0.07707771813677092,0.04509620942775286,0.07673982309613388,0.044835947328877745,0.07638217974572929,0.04457004944552147,0.07601410029912835,0.0442757085237049,0.07560390580052001,0.04390761302746035,0.07508900217839853,0.04344820683194742,0.07444117622390793,0.042880982786960044,0.07367671706291694,0.04234092584117132,0.07292376609893621,"[0.12351490396292197, 0.12334463956948682, 0.12297603408969526, 0.12272923985561102, 0.12232025725117257, 0.12179125645692146, 0.12107643910128174, 0.12047557471199033, 0.11948595205505019, 0.11815479904336401, 0.11629946854303963]","[0.8015, 0.8082, 0.8218, 0.8333, 0.8484, 0.8676, 0.888, 0.9059, 0.9311, 0.9532, 0.9738]","[0.12353068309618852, 0.12304051894536089, 0.12242217293501038, 0.12183603252388674, 0.12121812707460704, 0.12058414974464982, 0.11987961432422492, 0.11899661520585889, 0.11788938305585535, 0.11655769984987699, 0.11526469194010752]","[0.8042, 0.8253, 0.849, 0.8686, 0.8863, 0.9039, 0.9229, 0.9402, 0.9566, 0.9714, 0.9813]"
2,23,0.1451582908630371,0.12925171852111816,0.1427903175354004,0.10141921043395996,0.08992719650268555,0.07619953155517578,0.06664514541625977,0.05387544631958008,0.04303765296936035,0.03232860565185547,0.02235126495361328,2.534367084503174,2.5384414196014404,2.5267722606658936,2.5381505489349365,3.098980665206909,3.0579402446746826,3.570767641067505,3.560786485671997,3.572951316833496,3.6026337146759033,2.5701828002929688,-0.31666387877122637,0.3684972363953427,-0.264996993195566,0.3156068082656247,-0.21137803944337086,0.25990840577962415,-0.18989989794232776,0.23738031808118887,-0.18112560659232735,0.22778504056566118,-0.17310757205538763,0.21787251127352603,-0.17262513896691245,0.21600519356736525,-0.1630167100956902,0.2042337122588349,-0.15792346292421366,0.19674852368067164,-0.15470217973458533,0.1911855899361008,-0.13854255051250008,0.17274955265632874,0.01683555472258585,0.030948122890106847,0.016498730103737706,0.03108932399818199,0.016166162400012892,0.03125347051405846,0.015627135316034775,0.03156441527598735,0.015184496107332216,0.03185611136893192,0.014639054422358896,0.03223913111872601,0.014253260757246877,0.03241532486897573,0.0142226880773303,0.03218014716109954,0.01404382747073449,0.03210196661506145,0.01382806136673091,0.0319028008727362,0.017180459910749228,0.02757273642694262,"[0.05183335762411634, 0.050609815070058684, 0.048530366336253294, 0.04748042013886111, 0.04665943397333383, 0.0447649392181384, 0.0433800546004528, 0.04121700216314472, 0.038825060756457974, 0.036483410201515465, 0.03420700214382866]","[0.768, 0.7957, 0.8279, 0.8443, 0.856, 0.881, 0.8975, 0.9208, 0.9399, 0.9566, 0.9769]","[0.0477836776126927, 0.0475880541019197, 0.04741963291407135, 0.047191550592022125, 0.04704060747626414, 0.04687818554108491, 0.0466685856262226, 0.04640283523842984, 0.04614579408579594, 0.04573086223946711, 0.04475319633769185]","[0.6903, 0.7223, 0.7521, 0.7916, 0.8206, 0.8533, 0.8875, 0.9218, 0.9483, 0.9768, 0.9905]"
2,24,0.147064208984375,0.13382482528686523,0.12172126770019531,0.10468745231628418,0.09308004379272461,0.07920384407043457,0.0674433708190918,0.05546689033508301,0.04423379898071289,0.033102989196777344,0.022495508193969727,5.138762712478638,5.2972023487091064,6.3306357860565186,6.255408525466919,6.457245349884033,6.265894889831543,6.298945665359497,6.614370822906494,6.405551195144653,8.691797971725464,7.242945671081543,-0.11498188469537662,0.19152961897624543,-0.11188482207926242,0.18731737224443257,-0.1123575482354503,0.18668950090516923,-0.10940392593472192,0.1827578357780557,-0.1060407352892554,0.17855834484628041,-0.10224607694460586,0.17366679269280216,-0.09971325100932948,0.16961522593062783,-0.09838444997484186,0.16690673932275524,-0.09345655981928203,0.15957629468644163,-0.0795172106310641,0.1429795187156857,-0.0775224844917084,0.13829488955682945,0.024367740871281802,0.03199866058138207,0.024090302561886004,0.03190232652367273,0.023740443148816733,0.03200415138011232,0.02327284607762503,0.032152660663936135,0.022881958626687796,0.03228266955982008,0.022545790272368072,0.032398715230985614,0.022012359060554487,0.03259103284413401,0.021467020159513826,0.03279813362353138,0.02096194540076114,0.03299948413554134,0.0205833671137762,0.03310992476103484,0.02241539168791417,0.029832130651630612,"[0.0765477342808688, 0.07543255016517014, 0.07433195266971893, 0.07335390984333379, 0.07251760955702502, 0.0714207157481963, 0.06990197492129835, 0.06852228934791338, 0.06611973486715961, 0.06346230808462161, 0.06077240506512105]","[0.7479, 0.7711, 0.7911, 0.8116, 0.8279, 0.8487, 0.8746, 0.895, 0.9262, 0.9577, 0.9757]","[0.056366401452663875, 0.055992629085558736, 0.05574459452892905, 0.055425506741561166, 0.05516462818650787, 0.05494450550335368, 0.0546033919046885, 0.05426515378304521, 0.05396142953630248, 0.05369329187481103, 0.052247522339544786]","[0.8577, 0.8837, 0.9054, 0.9284, 0.9443, 0.9554, 0.9693, 0.9798, 0.9875, 0.9922, 0.9975]"
2,25,0.16163992881774902,0.12376809120178223,0.11162662506103516,0.10042548179626465,0.0879061222076416,0.0764312744140625,0.06455111503601074,0.05311441421508789,0.04199552536010742,0.032262563705444336,0.021355390548706055,1.3613505363464355,2.869053602218628,2.371755361557007,2.3509528636932373,2.3834080696105957,2.3876655101776123,2.461045742034912,3.2048683166503906,3.025207757949829,3.135915994644165,4.4147584438323975,0.0686461130236169,0.07410658824273031,0.06814591846662243,0.07420377223190777,0.06778717687929925,0.07387946778384769,0.06761350552014589,0.07362849363359847,0.0670387591642736,0.07376920335337922,0.06700126537219253,0.07295308664735867,0.06635989446091628,0.07286405279850383,0.06607689313628451,0.07227126816546581,0.06485613733746143,0.07216607625395821,0.06464731602302054,0.0713961149184601,0.06394196848287415,0.06999295222802848,0.06682617946379138,0.07487264069126882,0.06674276311311002,0.07416993945762136,0.06662633417250345,0.0736504547268934,0.0664925724388428,0.07319461244059494,0.06626828680859384,0.0725686531595916,0.06609212701513256,0.07214080455240497,0.06577331303973079,0.07144490961833722,0.06450126561336725,0.07131349918225835,0.06328456728043469,0.07038531316984065,0.06203319899864804,0.06986596735984227,0.06063515274239818,0.06928298564620113,"[0.1427527012663472, 0.1423496906985302, 0.14166664466314693, 0.14124199915374436, 0.14080796251765282, 0.1399543520195512, 0.1392239472594201, 0.13834816130175032, 0.13702221359141964, 0.13604343094148064, 0.13393492071090263]","[0.7731, 0.7862, 0.8093, 0.8211, 0.835, 0.8596, 0.8782, 0.9008, 0.9269, 0.9417, 0.9656]","[0.1416988201550602, 0.14091270257073138, 0.14027678889939685, 0.13968718487943774, 0.13883693996818544, 0.13823293156753752, 0.137218222658068, 0.1358147647956256, 0.13366988045027534, 0.1318991663584903, 0.1299181383885993]","[0.8032, 0.8308, 0.8497, 0.8663, 0.8892, 0.9029, 0.9202, 0.9442, 0.9692, 0.9812, 0.9913]"
2,26,0.14217925071716309,0.1260972023010254,0.11449027061462402,0.10097885131835938,0.08877706527709961,0.07641291618347168,0.06623530387878418,0.05369305610656738,0.04298281669616699,0.03213787078857422,0.022264957427978516,2.337743043899536,2.341672658920288,2.358961343765259,2.3907501697540283,2.4131171703338623,2.380460739135742,2.389878273010254,2.897815465927124,2.8525705337524414,2.353675365447998,2.3698055744171143,0.06487056668324831,0.07242261250033688,0.06477289821112331,0.07176182460595149,0.06470701429234249,0.0710329969892236,0.06442970860649311,0.07064273397100918,0.06414496057391661,0.07018129692195618,0.06362896023865372,0.06977243851301118,0.06299353129722429,0.069420917555709,0.06230046308702586,0.06919116978945361,0.06237666842657297,0.0678657631895665,0.06187847789785628,0.06714860431537528,0.06069925284741329,0.06649111779361183,0.06636190614921336,0.06788544881008465,0.06595040201623951,0.0675275181326614,0.0655411561154225,0.06729519779916607,0.06491086306855796,0.06680536636225598,0.0643518952556797,0.06658962434164269,0.06371027872201461,0.06649542877259668,0.06276626287008229,0.06628843915482972,0.06174318964174196,0.06600107962930059,0.06081586284942585,0.06569104418858633,0.05977508244308184,0.06527962396443755,0.05844831242674404,0.06454877728483077,"[0.1372931791835852, 0.1365347228170748, 0.1357400112815661, 0.13507244257750228, 0.1343262574958728, 0.1334013987516649, 0.1324144488529333, 0.13149163287647947, 0.13024243161613946, 0.12902708221323156, 0.12719037064102512]","[0.7938, 0.8167, 0.8407, 0.856, 0.8716, 0.8945, 0.9143, 0.9306, 0.9477, 0.961, 0.9774]","[0.13424735495929802, 0.13347792014890092, 0.13283635391458856, 0.13171622943081396, 0.1309415195973224, 0.1302057074946113, 0.129054702024912, 0.12774426927104254, 0.12650690703801218, 0.1250547064075194, 0.1229970897115748]","[0.8684, 0.8866, 0.8984, 0.9212, 0.9352, 0.9466, 0.9612, 0.9741, 0.9816, 0.9879, 0.9945]"
2,27,0.1459214687347412,0.13150572776794434,0.11969971656799316,0.12810134887695312,0.09059906005859375,0.07740592956542969,0.06559514999389648,0.054250478744506836,0.04245710372924805,0.031900882720947266,0.022079944610595703,2.948824405670166,2.925374746322632,2.9091873168945312,2.9231274127960205,2.9235262870788574,2.9513773918151855,2.982431411743164,2.999743938446045,2.9660611152648926,2.9617090225219727,4.0397303104400635,-0.08824348412043415,0.17363564251746033,-0.08829716758944395,0.17317674346517853,-0.08724120427029769,0.17129055255791492,-0.08462039598284221,0.16770618750965327,-0.08398404024508288,0.166152019064862,-0.08328356484338695,0.1647593710876143,-0.0818165664531495,0.16242239437834605,-0.07826578115804772,0.15802994161873318,-0.0748005073270035,0.15324709522612423,-0.07322354910594642,0.14996553989554284,-0.07325617450089328,0.14776283524243228,7.12159915106119e-12,0.08293036263925753,2.1124340128582632e-10,0.082482357638693,4.471776601068187e-12,0.08194741722932922,8.064268345758695e-11,0.08134817189567496,4.517885079777328e-11,0.08101195450097971,3.177810076830021e-11,0.08008014788230068,-9.65801433582968e-12,0.07981555329642392,-5.274946069011094e-09,0.07905332311095367,-2.4652785203091013e-09,0.07835515128336275,-2.3751477623119673e-10,0.07725249672855578,0.0046181843340314145,0.07080439115827813,"[0.08539215839702619, 0.08487957587573458, 0.08404934828761723, 0.08308579152681106, 0.08216797881977911, 0.08147580624422734, 0.08060582792519655, 0.07976416046068546, 0.07844658789912073, 0.07674199078959643, 0.074506660741539]","[0.8058, 0.8149, 0.8349, 0.8592, 0.8757, 0.8893, 0.9051, 0.9245, 0.9466, 0.9616, 0.9719]","[0.08293036264637912, 0.08248235784993639, 0.08194741723380099, 0.08134817197631765, 0.08101195454615856, 0.08008014791407878, 0.07981555328676591, 0.07905331783600761, 0.07835514881808422, 0.077252496491041, 0.07542257549230955]","[0.8096, 0.8287, 0.8476, 0.8712, 0.8844, 0.9149, 0.9227, 0.9446, 0.9612, 0.9781, 0.9912]"
2,28,0.13559174537658691,0.12370634078979492,0.11053586006164551,0.0980064868927002,0.08628606796264648,0.07520794868469238,0.06482744216918945,0.05334305763244629,0.04224514961242676,0.03237271308898926,0.02288532257080078,3.5072546005249023,3.5765116214752197,3.5886080265045166,3.5875802040100098,3.754673957824707,3.7595252990722656,4.697680711746216,5.719921350479126,5.7207581996917725,5.822524547576904,4.817294359207153,0.06040423230382963,0.08322931015614254,0.06022279448666357,0.08320714278040464,0.06015621099886559,0.08303660998338014,0.060199647122524125,0.08258242227512924,0.06002394810252931,0.08245012894355308,0.05958218440192886,0.08223572557285763,0.05953087828618786,0.0818819087553615,0.05875230969356915,0.08196439838086778,0.058727491222615,0.08123328177344313,0.058024085558799676,0.08077478120591408,0.057223339442617815,0.08006306024138543,0.04636687061216183,0.08640321873800928,0.046036358720964315,0.0862365288985436,0.04570137080104333,0.0860294655137025,0.04537240949422527,0.0857593453396795,0.0451185801393005,0.08514895804199145,0.044896275133641673,0.08452196687713665,0.04499495832154158,0.08367935620726114,0.04566772047949517,0.08125559858858776,0.04618888014926678,0.0794890987315699,0.04719626817979292,0.07642464435697964,0.046613529505034626,0.07451127555586784,"[0.14363354245997217, 0.1434299372670682, 0.14319282098224573, 0.14278206939765337, 0.1424740770460824, 0.1418179099747865, 0.14141278704154936, 0.14071670807443692, 0.13996077299605814, 0.13879886676471376, 0.13728639968400325]","[0.8521, 0.8601, 0.8692, 0.8825, 0.8937, 0.9139, 0.9243, 0.9393, 0.9546, 0.9711, 0.9862]","[0.13277008935017112, 0.1322728876195079, 0.13173083631474583, 0.13113175483390477, 0.13026753818129194, 0.1294182420107783, 0.1286743145288027, 0.12692331906808293, 0.12567797888083668, 0.12362091253677257, 0.12112480506090247]","[0.9859, 0.9882, 0.9912, 0.9939, 0.9957, 0.9977, 0.9987, 0.9998, 0.9999, 1.0, 1.0]"
2,29,0.13719987869262695,0.12383413314819336,0.11116313934326172,0.09882831573486328,0.08799123764038086,0.07513713836669922,0.0645444393157959,0.05356168746948242,0.04282736778259277,0.032160282135009766,0.022559642791748047,1.8559417724609375,1.8271818161010742,1.8500843048095703,1.8067734241485596,3.2696282863616943,3.3223519325256348,3.3416900634765625,3.3665432929992676,3.419628620147705,3.4638872146606445,4.050047159194946,0.04647799258537577,0.08649198438238725,0.046385460106561416,0.08630050208756845,0.04651228920209527,0.08588286990175198,0.0462478647865594,0.08574564927300532,0.04592735063435116,0.08580776873967699,0.045538442849409,0.08578662755380329,0.045092393608589854,0.08564893331471413,0.04468186365131466,0.08531088701850598,0.044578239768048755,0.08463293318424281,0.04506225705111189,0.08226546959879233,0.043420171488104176,0.08203124410174345,0.0463014529009196,0.08549025981293222,0.046440537499763464,0.08491872217047984,0.046521598401148806,0.08422836226495449,0.046526106487877264,0.0838197742159288,0.04648042485029777,0.08323444257285748,0.04641464140846874,0.08282102415819206,0.046326560730690136,0.08241667991610635,0.0461404149184311,0.08176027123454344,0.045876810088980986,0.08101760996509762,0.045626909769923174,0.08040774175570432,0.045245557026321714,0.07957157738375922,"[0.13296997696776303, 0.13268596219412987, 0.13239515910384725, 0.13199351405956472, 0.13173511937402815, 0.13132507040321229, 0.13074132692330398, 0.12999275066982063, 0.12921117295229156, 0.12732772664990422, 0.12545141558984763]","[0.8219, 0.8332, 0.8458, 0.859, 0.8709, 0.8858, 0.9063, 0.9272, 0.9449, 0.975, 0.9897]","[0.13179171271385182, 0.1313592596702433, 0.13074996066610328, 0.13034588070380607, 0.12971486742315524, 0.1292356655666608, 0.1287432406467965, 0.12790068615297454, 0.1268944200540786, 0.12603465152562748, 0.12481713441008094]","[0.8677, 0.882, 0.9003, 0.9147, 0.9298, 0.941, 0.9507, 0.9642, 0.9778, 0.9848, 0.9912]"
2,30,0.14096307754516602,0.12578868865966797,0.1117391586303711,0.09941291809082031,0.08806896209716797,0.07645845413208008,0.06439352035522461,0.05273079872131348,0.04231858253479004,0.03189277648925781,0.021841049194335938,2.5464138984680176,2.5709705352783203,2.5937392711639404,2.6057565212249756,3.22851824760437,3.1279163360595703,3.772921562194824,4.563981771469116,3.977816343307495,3.958970546722412,3.9075798988342285,0.06916049955533143,0.0745948460964807,0.06866587976872474,0.07451106771341798,0.06866063750907103,0.07388821633048792,0.0682770794922507,0.073662876511005,0.0676922972735321,0.07349414828864731,0.06721738770972308,0.07321074530542693,0.06716324143401309,0.07257048574579117,0.06698849623092973,0.07189296646373267,0.06702149928309753,0.07039903957962479,0.06617161465165289,0.06974952045315441,0.06513086727566675,0.0691526530637665,0.07091740863244486,0.06886192910932891,0.07076273933329694,0.06866888331505466,0.07051951038158691,0.0683630945547479,0.07022445744692998,0.0679889122678222,0.0699562948772581,0.06763586204907147,0.06962745451612937,0.06722451076346893,0.0692971023991679,0.06681478717151654,0.06898722533288652,0.06643535615536512,0.06841542301602557,0.06578088986984064,0.06790670427396461,0.06522558377965007,0.06695119542005744,0.06422696496100146,"[0.14375534565181214, 0.1431769474821427, 0.14254885383955895, 0.1419399560032557, 0.1411864455621794, 0.14042813301515, 0.13973372717980426, 0.1388814626946624, 0.13742053886272232, 0.1359211351048073, 0.13428352033943325]","[0.7362, 0.7609, 0.7857, 0.8108, 0.8386, 0.8646, 0.8834, 0.9047, 0.9337, 0.9559, 0.9738]","[0.13977933774177376, 0.1394316226483516, 0.1388826049363348, 0.13821336971475218, 0.1375921569263296, 0.1368519652795983, 0.13611188957068443, 0.13542258148825165, 0.1341963128858662, 0.13313228805361468, 0.1311781603810589]","[0.8619, 0.8726, 0.8884, 0.9072, 0.9223, 0.9387, 0.9507, 0.9617, 0.9739, 0.9822, 0.9918]"
3,21,0.14753484725952148,0.13350486755371094,0.11629986763000488,0.10291194915771484,0.09192562103271484,0.07776498794555664,0.06554198265075684,0.056192874908447266,0.042397499084472656,0.031929969787597656,0.021437644958496094,1.9745724201202393,1.9471991062164307,1.9234631061553955,1.8282170295715332,1.804776906967163,1.617847204208374,1.5554614067077637,1.5717716217041016,1.559410810470581,1.5515398979187012,2.8806095123291016,-0.8088680487670494,1.0,-0.8132039911192086,1.0,-0.15414708505146368,0.3373713814393353,-0.07095716501136706,0.2520163447826269,-0.0501727696798131,0.2297135995426871,-0.021350074464197455,0.19953758803603883,-0.008678656749176561,0.18659352304248378,0.016663296274882722,0.16027870247787557,0.04030090321152158,0.13548947482611728,0.05780860304369373,0.11763048840255919,0.052616862834738765,0.12142611513623325,0.09794303569956793,0.08533896466487559,0.09942431683078133,0.08358065550046952,0.1006934708762564,0.0819998069692684,0.10259908172162226,0.07959897105727264,0.10320066484282513,0.07861046600127142,0.10292706078286487,0.07850628199881794,0.10259067449133681,0.07844869322041195,0.10225355861457727,0.07845980049799213,0.1019794161776203,0.0784531884325531,0.10164030393020021,0.07842271409263356,0.10117711525386958,0.07834426090326853,"[0.19113195123295057, 0.1867960088807914, 0.18322429638787163, 0.18105917977125985, 0.179540829862874, 0.17818751357184137, 0.17791486629330722, 0.1769419987527583, 0.17579037803763886, 0.17543909144625291, 0.174042977970972]","[0.7476, 0.763, 0.7858, 0.823, 0.8496, 0.8822, 0.8925, 0.93, 0.9715, 0.9945, 0.9985]","[0.18328200036444353, 0.18300497233125085, 0.1826932778455248, 0.1821980527788949, 0.18181113084409656, 0.18143334278168283, 0.18103936771174878, 0.18071335911256942, 0.1804326046101734, 0.18006301802283375, 0.1795213761571381]","[0.6922, 0.7086, 0.7265, 0.7636, 0.7985, 0.8388, 0.8819, 0.9175, 0.948, 0.9889, 1.0]"
3,22,0.1445930004119873,0.13239812850952148,0.11625504493713379,0.10097074508666992,0.0908651351928711,0.07878232002258301,0.09479355812072754,0.0548245906829834,0.044182538986206055,0.03313422203063965,0.02374577522277832,1.7251293659210205,1.7750012874603271,1.7838988304138184,1.803039312362671,1.7968370914459229,1.966217279434204,1.7107133865356445,1.5448663234710693,1.6296825408935547,1.6322169303894043,1.6094982624053955,0.26398549212029976,-0.08424694306083413,0.2326800173677619,-0.054021275440186756,0.19809300759869797,-0.020800002225094705,0.19347479956099933,-0.01790583244933508,0.18945776284058669,-0.016208890014991928,0.19379511726656062,-0.021945910896393084,0.19735013122253653,-0.02711349403181873,0.18202102109702123,-0.013202635858827416,0.17677095051197322,-0.009814630346309028,0.1720730717855612,-0.008201235876280188,0.168643754194433,-0.008156510952109564,0.10185103262435567,0.07628835957099697,0.10129965721730533,0.07637826939116046,0.10087993853721085,0.07642552091619911,0.10035162550852265,0.07644976103034831,0.09991179999713301,0.07646482337658211,0.09947646423802463,0.07643343091713448,0.09873270756301578,0.0764974924620469,0.09795651562920593,0.07660020133459013,0.09729690195713256,0.07663998614999981,0.09672489965718895,0.07666406646264279,0.09597548157460817,0.07663889128531536,"[0.17973854905946562, 0.17865874192757514, 0.17729300537360326, 0.17556896711166425, 0.17324887282559476, 0.17184920637016754, 0.1702366371907178, 0.1688183852381938, 0.1669563201656642, 0.163871835909281, 0.16048724324232344]","[0.7883, 0.8013, 0.8296, 0.8527, 0.8865, 0.9012, 0.9173, 0.9452, 0.9649, 0.9888, 0.999]","[0.17813939219535263, 0.1776779266084658, 0.17730545945340997, 0.17680138653887095, 0.17637662337371512, 0.1759098951551591, 0.17523020002506268, 0.17455671696379604, 0.17393688810713237, 0.17338896611983173, 0.17261437285992354]","[0.6739, 0.7047, 0.7288, 0.7616, 0.7903, 0.8256, 0.8742, 0.9207, 0.9724, 1.0, 1.0]"
3,23,0.14327287673950195,0.1284046173095703,0.11932516098022461,0.10518240928649902,0.09159183502197266,0.07783198356628418,0.06586408615112305,0.05543923377990723,0.043192386627197266,0.03247261047363281,0.02221202850341797,0.7960069179534912,0.7897233963012695,0.7659823894500732,0.7434842586517334,0.7640986442565918,0.8440170288085938,0.8277053833007812,0.881537675857544,1.1271014213562012,0.75929856300354,0.7759804725646973,-0.6765163342037009,1.0,-0.6800174737090189,1.0,-0.6859151805885739,1.0,-0.6900645793118837,1.0,-0.6958134054255051,1.0,-0.7012245200101123,1.0,-0.7085055407591242,1.0,-0.7156764213858133,1.0,-0.7226284283823423,1.0,-0.7296559303370956,1.0,-0.7496681839762516,1.0,-0.7337434683463481,1.0,-0.7395772602454856,1.0,-0.7395772602852335,1.0,-0.7396148809561999,1.0,-0.7576824913153669,1.0,-0.7627842885692542,1.0,-0.7627842887678162,1.0,-0.7687204111989004,1.0,-0.7687204114443833,1.0,-0.7789426264754311,1.0,-0.7789426256999671,1.0,"[0.32348366579629906, 0.3199825262909811, 0.3140848194114261, 0.3099354206881163, 0.30418659457449493, 0.29877547998988774, 0.2914944592408758, 0.28432357861418667, 0.2773715716176577, 0.27034406966290436, 0.25033181602374843]","[0.7767, 0.79, 0.8141, 0.8302, 0.8487, 0.8647, 0.8875, 0.9085, 0.9281, 0.9412, 0.9761]","[0.26625653165365193, 0.26042273975451435, 0.2604227397147665, 0.26038511904380013, 0.2423175086846331, 0.23721571143074582, 0.23721571123218377, 0.23127958880109956, 0.2312795885556167, 0.2210573735245689, 0.22105737430003292]","[0.95, 0.961, 0.961, 0.961, 0.9858, 0.9911, 0.9911, 0.9958, 0.9958, 0.9994, 0.9994]"
3,24,0.13972997665405273,0.12474894523620605,0.1127016544342041,0.09958195686340332,0.08731317520141602,0.07703042030334473,0.06548714637756348,0.05335736274719238,0.04289984703063965,0.03249216079711914,0.02156853675842285,2.357339382171631,2.2449162006378174,3.558216094970703,3.5879597663879395,3.615551471710205,3.6046485900878906,3.61582612991333,3.0973105430603027,3.622664451599121,3.621967077255249,3.6736397743225098,0.051568021908223516,0.10817976782549477,0.05347524590839403,0.10604437142455492,0.054322786400810896,0.1046561548426137,0.056475300799780026,0.1018700364323426,0.05520626119617944,0.10246185874188174,0.05491592262426925,0.10221244215666836,0.05706269003857578,0.09979293039787174,0.06020596258350941,0.09640580773534979,0.0626897842112617,0.09363616009890219,0.06237218612263118,0.09312776897012953,0.061483421404837646,0.0923266312462161,0.06597198686185683,0.09807344032468492,0.06531960660592911,0.09810295827043793,0.06482176106718776,0.0978965353661811,0.0642403008687852,0.09756308112831356,0.06385181910492088,0.09714385853082239,0.06345868321732596,0.09654338263449187,0.06315692249481861,0.09606654460792083,0.06292151903980271,0.09566879166873234,0.06248646446755706,0.09495216976101958,0.062232584160286895,0.09451308283265031,0.06189823894311123,0.09392889537289838,"[0.15974778973371828, 0.15951961733294895, 0.1589789412434246, 0.15834533723212263, 0.15766811993806118, 0.1571283647809376, 0.15685562043644752, 0.1566117703188592, 0.1563259443101639, 0.1554999550927607, 0.15381005265105374]","[0.8178, 0.8293, 0.8527, 0.8805, 0.9046, 0.9226, 0.9411, 0.966, 0.9888, 1.0, 1.0]","[0.16404542718654175, 0.16342256487636703, 0.16271829643336888, 0.16180338199709876, 0.16099567763574327, 0.16000206585181784, 0.15922346710273944, 0.15859031070853505, 0.15743863422857665, 0.1567456669929372, 0.1558271343160096]","[0.6035, 0.6298, 0.6641, 0.7034, 0.7435, 0.7913, 0.8337, 0.8642, 0.9255, 0.9664, 0.9976]"
3,25,0.1467609405517578,0.13100266456604004,0.11739897727966309,0.10525393486022949,0.09003496170043945,0.07752537727355957,0.06495261192321777,0.05431795120239258,0.043651580810546875,0.03246188163757324,0.02138543128967285,2.413834810256958,2.146026849746704,3.9832537174224854,3.9577958583831787,3.9518046379089355,4.008245229721069,4.00610876083374,3.9927611351013184,3.504401922225952,3.552578926086426,3.5555098056793213,1.0,-0.7880718653589409,1.0,-0.7997770288039875,1.0,-0.817528843279486,1.0,-0.8331738578414196,0.20848996863223457,-0.057017298739002964,0.10530720116103298,0.042168919698799545,0.10859872820582961,0.03634648622732173,0.10170551078671175,0.04099811224011862,0.09903085102997622,0.039838090684800154,0.07391839855149085,0.06114773002104079,0.08091972172824069,0.0479697813024591,0.06333914568943838,0.09043996162788014,0.05706664333569315,0.09563051706931341,0.053626172191313756,0.09772413017355405,0.05176769874599972,0.09909689204259577,0.049298775797828945,0.10080610053684401,0.04864845751544339,0.10084571653379422,0.046018814199049594,0.10244049477242327,0.0458489436950006,0.10196505880938064,0.044414440575040716,0.10265839622139734,0.043964063759637975,0.10252631266755514,0.04324154121545461,0.10225725207365154,"[0.21192813464105908, 0.2002229711960125, 0.18247115672051395, 0.16682614215858038, 0.1514726698932316, 0.14747612085983253, 0.14494521443315134, 0.14270362302683037, 0.13886894171477637, 0.13506612857253164, 0.1288895030306998]","[0.7475, 0.7612, 0.781, 0.7995, 0.8243, 0.8772, 0.8993, 0.9257, 0.9591, 0.9997, 1.0]","[0.15377910731731853, 0.15269716040500655, 0.1513503023648678, 0.1508645907885955, 0.15010487633467295, 0.1494941740492376, 0.14845930897147286, 0.14781400250438126, 0.14707283679643807, 0.14649037642719312, 0.14549879328910614]","[0.7527, 0.7607, 0.7973, 0.8082, 0.828, 0.8555, 0.8937, 0.9339, 0.9697, 0.9943, 1.0]"
3,26,0.14519548416137695,0.13109850883483887,0.11693763732910156,0.10361313819885254,0.09112930297851562,0.07764291763305664,0.06543087959289551,0.054384469985961914,0.04358696937561035,0.032608985900878906,0.02238178253173828,0.7630448341369629,0.7470629215240479,1.0151734352111816,0.7551932334899902,0.7549445629119873,0.7588837146759033,1.0050077438354492,1.0181140899658203,0.7445900440216064,0.8031337261199951,0.7785346508026123,1.0,-0.26460042657147453,1.0,-0.26825919868282777,1.0,-0.2715227055921783,1.0,-0.27803597249045175,1.0,-0.2833979450586146,1.0,-0.29403865158944575,1.0,-0.30345508774770713,1.0,-0.31367911425399253,1.0,-0.32713263580049323,1.0,-0.34437555713748624,1.0,-0.3818190717582932,1.0,-0.23700281706966214,1.0,-0.24013349158013536,1.0,-0.2437741580700243,1.0,-0.24772991953042206,1.0,-0.25187598263450467,1.0,-0.25558382573943156,1.0,-0.2615352089257272,1.0,-0.2658893550356453,1.0,-0.2705521304644092,1.0,-0.27421676712522286,1.0,-0.28115550324260374,"[0.7353995734285255, 0.7317408013171722, 0.7284772944078217, 0.7219640275095482, 0.7166020549413854, 0.7059613484105542, 0.6965449122522929, 0.6863208857460075, 0.6728673641995068, 0.6556244428625138, 0.6181809282417068]","[0.9518, 0.963, 0.9716, 0.9874, 0.9946, 1.0, 1.0, 1.0, 1.0, 1.0, 1.0]","[0.7629971829303379, 0.7598665084198646, 0.7562258419299757, 0.7522700804695779, 0.7481240173654953, 0.7444161742605684, 0.7384647910742728, 0.7341106449643546, 0.7294478695355908, 0.7257832328747771, 0.7188444967573963]","[0.8167, 0.8376, 0.8601, 0.8786, 0.8976, 0.9153, 0.9405, 0.9559, 0.9687, 0.9783, 0.9916]"
3,27,0.14292049407958984,0.1308302879333496,0.11341643333435059,0.1004638671875,0.09083914756774902,0.07670211791992188,0.0646359920501709,0.05487823486328125,0.04285764694213867,0.032135009765625,0.022001266479492188,0.7300240993499756,0.7841877937316895,0.7438006401062012,0.7791390419006348,0.7417452335357666,0.736976146697998,0.7934713363647461,0.7891252040863037,0.7673585414886475,0.7546901702880859,0.7895302772521973,1.0,-0.4626368160287053,1.0,-0.46567682677920885,1.0,-0.47055687258023216,1.0,-0.4753667617563505,1.0,-0.4780125383222562,1.0,-0.48367774075756864,1.0,-0.49162658564738004,1.0,-0.497468743286833,1.0,-0.5051922288820923,1.0,-0.5264043109578421,1.0,-0.5384254046968089,1.0,-0.5137813581936667,1.0,-0.5207144427971593,1.0,-0.5277581169132168,1.0,-0.5301071770340692,1.0,-0.532340716819328,1.0,-0.532667467339238,1.0,-0.5439955168604381,1.0,-0.5440596362176013,1.0,-0.5486380752372185,1.0,-0.5486380329046282,1.0,-0.5510117705380614,"[0.5373631839712947, 0.5343231732207911, 0.5294431274197678, 0.5246332382436495, 0.5219874616777438, 0.5163222592424314, 0.50837341435262, 0.502531256713167, 0.49480777111790775, 0.4735956890421579, 0.4615745953031911]","[0.81, 0.822, 0.8384, 0.8556, 0.8646, 0.8814, 0.9053, 0.9219, 0.9411, 0.975, 0.9884]","[0.48621864180633334, 0.4792855572028407, 0.47224188308678317, 0.4698928229659308, 0.46765928318067196, 0.467332532660762, 0.4560044831395619, 0.45594036378239866, 0.4513619247627815, 0.4513619670953718, 0.4489882294619386]","[0.9574, 0.9678, 0.9772, 0.98, 0.9821, 0.9822, 0.9926, 0.9926, 0.9953, 0.9953, 0.9969]"
3,28,0.1415872573852539,0.12999939918518066,0.11461901664733887,0.10281205177307129,0.08917593955993652,0.07717728614807129,0.06612658500671387,0.05599832534790039,0.04273796081542969,0.03221392631530762,0.022533416748046875,0.8653659820556641,1.185866117477417,1.1958656311035156,1.193753719329834,1.1877598762512207,1.183764934539795,0.9060943126678467,1.3595898151397705,0.963925838470459,1.4479267597198486,1.4671456813812256,-0.5834678073244538,1.0,-0.589584628991488,1.0,-0.5979636094763704,1.0,-0.6090631270345936,1.0,-0.6172435982621215,1.0,-0.6251722863503102,1.0,-0.6351812821807512,1.0,-0.6459845425923202,1.0,-0.6593507920170751,1.0,-0.6773875916186343,1.0,-0.694606387451298,1.0,-0.600763809270609,1.0,-0.6136435472855005,1.0,-0.6237400676744679,1.0,-0.6331577458188926,1.0,-0.6430304170779804,1.0,-0.6547423757613261,1.0,-0.6637889434221389,1.0,-0.6871508798126286,1.0,-0.7071294079555392,1.0,-0.721969814359379,1.0,-0.7337313359834654,1.0,"[0.4165321926755462, 0.410415371008512, 0.4020363905236296, 0.39093687296540636, 0.3827564017378785, 0.3748277136496898, 0.3648187178192488, 0.3540154574076798, 0.34064920798292486, 0.32261240838136573, 0.305393612548702]","[0.8416, 0.8553, 0.8717, 0.8908, 0.9028, 0.9139, 0.926, 0.9397, 0.9559, 0.973, 0.9831]","[0.399236190729391, 0.3863564527144995, 0.3762599323255321, 0.3668422541811074, 0.35696958292201963, 0.3452576242386739, 0.3362110565778611, 0.31284912018737143, 0.29287059204446075, 0.278030185640621, 0.2662686640165346]","[0.8769, 0.8967, 0.9122, 0.9245, 0.9355, 0.9507, 0.9605, 0.9793, 0.9905, 0.9956, 0.9994]"
3,29,0.13888168334960938,0.12592720985412598,0.11217832565307617,0.10056734085083008,0.08858728408813477,0.07739973068237305,0.07315945625305176,0.05338406562805176,0.04217267036437988,0.03243279457092285,0.021712541580200195,1.595574140548706,1.6129493713378906,2.0900754928588867,1.8174262046813965,3.421170473098755,3.4493916034698486,3.4479475021362305,3.4615612030029297,3.442833423614502,3.497302293777466,3.50791335105896,0.13834601966336968,0.03645581952226862,0.1383308144938289,0.03607674669041949,0.13810809572929927,0.03600826806156454,0.1383034090274462,0.03563554847601247,0.13604730670751053,0.03768858954666987,0.13488444500795116,0.038566125960357134,0.13540891668867605,0.03776433687389824,0.13325679254962486,0.03948193508549713,0.13339668023561435,0.039198332262266655,0.13494977819067744,0.037159827561459524,0.14026429981905508,0.030896471538292447,0.13106662895357657,0.046328450938313656,0.13148680490405695,0.04548377678449869,0.1317763421571997,0.04470489590988655,0.13190103410625675,0.04410021405227811,0.1319748819221462,0.043555476182566596,0.1319547990331964,0.043017501419017216,0.1318944953858417,0.042657608467292975,0.1317989341373562,0.04231646240623698,0.13156265690336955,0.04195697552429184,0.1312600805287874,0.04159579311186229,0.13081072749050926,0.04116679281124348,"[0.1748018391856383, 0.17440756118424838, 0.17411636379086382, 0.17393895750345867, 0.1737358962541804, 0.1734505709683083, 0.1731732535625743, 0.172738727635122, 0.172595012497881, 0.17210960575213696, 0.17116077135734753]","[0.856, 0.8865, 0.9047, 0.9169, 0.9279, 0.9452, 0.9603, 0.984, 0.99, 0.995, 0.9946]","[0.17739507989189024, 0.17697058168855564, 0.17648123806708624, 0.17600124815853485, 0.1755303581047128, 0.17497230045221362, 0.17455210385313466, 0.17411539654359318, 0.17351963242766139, 0.1728558736406497, 0.17197752030175273]","[0.5961, 0.6251, 0.6603, 0.6979, 0.7362, 0.7838, 0.8214, 0.8622, 0.9135, 0.9749, 1.0]"
3,30,0.1463778018951416,0.13334417343139648,0.11876368522644043,0.10549211502075195,0.09435200691223145,0.07943296432495117,0.06896257400512695,0.055745601654052734,0.04505157470703125,0.03332805633544922,0.021536588668823242,0.7860572338104248,0.7441999912261963,0.7305424213409424,0.7398059368133545,0.7370452880859375,0.7899792194366455,1.257127285003662,1.489715576171875,1.9778721332550049,1.7197647094726562,1.753159761428833,1.0,-0.7401630269942541,1.0,-0.743359078829327,1.0,-0.7468712106899553,1.0,-0.7507440249707097,1.0,-0.75698004210526,1.0,-0.7613545296921862,1.0,-0.7709110613818718,1.0,-0.7787435750012853,1.0,-0.7845258521891031,1.0,-0.7922126970105092,0.19464704506080444,-0.006733599234179044,1.0,-0.7967019670985669,1.0,-0.7989760480783202,1.0,-0.7989760481057295,1.0,-0.7989760485178115,1.0,-0.798976048503388,1.0,-0.8078819730408479,0.18931689921692568,9.784147942031762e-07,0.13575135051195394,0.05262230618769186,0.13457398249329822,0.05343745750761598,0.13419342232856776,0.05342757048471135,0.13084658098817567,0.056252164766890454,"[0.25983697300574593, 0.25664092117067305, 0.2531287893100447, 0.2492559750292903, 0.24301995789473996, 0.2386454703078138, 0.22908893861812818, 0.22125642499871467, 0.2154741478108969, 0.20778730298949077, 0.1879134458266254]","[0.7884, 0.8043, 0.8188, 0.8359, 0.8584, 0.874, 0.9065, 0.9285, 0.9424, 0.9583, 0.9901]","[0.2032980329014331, 0.20102395192167977, 0.20102395189427047, 0.20102395148218855, 0.201023951496612, 0.19211802695915214, 0.1893178776317199, 0.18837365669964581, 0.1880114400009142, 0.1876209928132791, 0.18709874575506613]","[0.9673, 0.9709, 0.9709, 0.9709, 0.9709, 0.9843, 0.9712, 0.9586, 0.973, 0.9856, 0.9971]"
